--
-- All SQL statements must be on a single line and end in a semicolon.
--

-- Dummy Data --
INSERT INTO dummy (created) VALUES (current_timestamp);

-- Populate Your Tables Here --

-- Person Data --
INSERT INTO person (username, email, password) VALUES ('Arman Jordan', 'armanjordan@gmail.com', '$2b$10$Y00XOZD/f5gBSpDusPUgU.iJufk6Nxx6gAoHRG8t2eHyGgoP2bK4y');
INSERT INTO person (username, email, password) VALUES ('Maire Quiambao', 'mairequiambao@gmail.com', '$2b$10$Y00XOZD/f5gBSpDusPUgU.iJufk6Nxx6gAoHRG8t2eHyGgoP2bK4y');
INSERT INTO person (username, email, password) VALUES ('Molly Member', 'molly@books.com', '$2b$10$Y00XOZD/f5gBSpDusPUgU.iJufk6Nxx6gAoHRG8t2eHyGgoP2bK4y');
INSERT INTO person (username, email, password) VALUES ('Anna Admin', 'anna@books.com', '$2b$10$Y00XOZD/f5gBSpDusPUgU.G1ohpR3oQbbBHK4KzX7dU219Pv/lzze');

-- Mailbox Data --
INSERT INTO mailbox (owner, label, identifier) VALUES ('molly@books.com', 'Inbox', 'molly@books.com-Inbox');
INSERT INTO mailbox (owner, label, identifier) VALUES ('molly@books.com', 'Sent', 'molly@books.com-Sent');
INSERT INTO mailbox (owner, label, identifier) VALUES ('molly@books.com', 'Trash', 'molly@books.com-Trash');

INSERT INTO mailbox (owner, label, identifier) VALUES ('anna@books.com', 'Inbox', 'anna@books.com-Inbox');
INSERT INTO mailbox (owner, label, identifier) VALUES ('anna@books.com', 'Sent', 'anna@books.com-Sent');
INSERT INTO mailbox (owner, label, identifier) VALUES ('anna@books.com', 'Trash', 'anna@books.com-Trash');

-- Mail Data --
INSERT INTO mail (destination, opened, starred, avatar, displayavatar, mailbox, fromname, fromemail, toemail, subject, content, sent, received) VALUES ('molly@books.com-Inbox', 'true', 'false', 'https://www.stockvault.net/data/2018/08/28/254042/preview16.jpg', 'true', 'Inbox', 'Arman Jordan', 'armanjordan@gmail.com', 'molly@books.com', 'This Assignment', 'Is Hard :(', '2020-06-08T12:55:45Z', '2020-06-18T18:43:27Z');
INSERT INTO mail (destination, opened, starred, avatar, displayavatar, mailbox, fromname, fromemail, toemail, subject, content, sent, received) VALUES ('molly@books.com-Inbox', 'false', 'false', 'https://www.stockvault.net/data/2018/08/28/254042/preview16.jpg', 'true', 'Inbox', 'Arman Jordan', 'armanjordan@gmail.com', 'molly@books.com', 'I Still', 'Enjoy it though :)', '2020-06-09T10:42:47Z', '2020-06-19T15:12:39Z');
INSERT INTO mail (destination, opened, starred, avatar, displayavatar, mailbox, fromname, fromemail, toemail, subject, content, sent, received) VALUES ('molly@books.com-Inbox', 'false', 'true', 'https://www.stockvault.net/data/2018/08/28/254046/preview16.jpg', 'false', 'Inbox', 'Maire Quiambao', 'mairequiambao@gmail.com', 'molly@books.com', 'I love you', 'With all my heart', '2019-02-14T10:30:12Z', '2022-11-22T15:26:52Z');
INSERT INTO mail (destination, opened, starred, avatar, displayavatar, mailbox, fromname, fromemail, toemail, subject, content, sent, received) VALUES ('molly@books.com-Inbox', 'true', 'true', 'https://www.stockvault.net/data/2018/08/28/254047/preview16.jpg', 'true', 'Inbox', 'Anna Admin', 'anna@books.com', 'molly@books.com', 'From member', 'To admin', '2021-03-04T11:40:37Z', '2021-06-14T12:18:49Z');
-- timestamp emails --
INSERT INTO mail (destination, opened, starred, avatar, displayavatar, mailbox, fromname, fromemail, toemail, subject, content, sent, received) VALUES ('molly@books.com-Inbox', 'false', 'false', 'https://www.stockvault.net/data/2018/08/28/254046/preview16.jpg', 'false', 'Inbox', 'Maire Quiambao', 'mairequiambao@gmail.com', 'molly@books.com', 'Extra Emails', 'For Date Tests', '2022-06-08T12:55:45Z', '2022-11-28T18:43:27Z');
INSERT INTO mail (destination, opened, starred, avatar, displayavatar, mailbox, fromname, fromemail, toemail, subject, content, sent, received) VALUES ('molly@books.com-Inbox', 'false', 'false', 'https://www.stockvault.net/data/2018/08/28/254046/preview16.jpg', 'false', 'Inbox', 'Maire Quiambao', 'mairequiambao@gmail.com', 'molly@books.com', 'Extra Emails', 'For Date Tests', '2022-06-09T10:42:47Z', '2022-11-29T15:12:39Z');
INSERT INTO mail (destination, opened, starred, avatar, displayavatar, mailbox, fromname, fromemail, toemail, subject, content, sent, received) VALUES ('molly@books.com-Inbox', 'false', 'false', 'https://www.stockvault.net/data/2018/08/28/254046/preview16.jpg', 'false', 'Inbox', 'Maire Quiambao', 'mairequiambao@gmail.com', 'molly@books.com', 'Extra Emails', 'For Date Tests', '2022-02-14T10:30:12Z', '2022-11-30T15:26:52Z');
INSERT INTO mail (destination, opened, starred, avatar, displayavatar, mailbox, fromname, fromemail, toemail, subject, content, sent, received) VALUES ('molly@books.com-Inbox', 'false', 'false', 'https://www.stockvault.net/data/2018/08/28/254046/preview16.jpg', 'false', 'Inbox', 'Maire Quiambao', 'mairequiambao@gmail.com', 'molly@books.com', 'Extra Emails', 'For Date Tests', '2022-03-04T11:40:37Z', '2022-12-01T12:18:49Z');

INSERT INTO mail (destination, opened, starred, avatar, displayavatar, mailbox, fromname, fromemail, toemail, subject, content, sent, received) VALUES ('molly@books.com-Inbox', 'false', 'false', 'https://www.stockvault.net/data/2018/08/28/254046/preview16.jpg', 'false', 'Inbox', 'Maire Quiambao', 'mairequiambao@gmail.com', 'molly@books.com', 'Extra Emails', 'For Date Tests', '2022-06-08T12:55:45Z', '2022-12-02T18:43:27Z');
INSERT INTO mail (destination, opened, starred, avatar, displayavatar, mailbox, fromname, fromemail, toemail, subject, content, sent, received) VALUES ('molly@books.com-Inbox', 'false', 'false', 'https://www.stockvault.net/data/2018/08/28/254046/preview16.jpg', 'false', 'Inbox', 'Maire Quiambao', 'mairequiambao@gmail.com', 'molly@books.com', 'Extra Emails', 'For Date Tests', '2022-06-09T10:42:47Z', '2022-12-03T15:12:39Z');
INSERT INTO mail (destination, opened, starred, avatar, displayavatar, mailbox, fromname, fromemail, toemail, subject, content, sent, received) VALUES ('molly@books.com-Inbox', 'false', 'false', 'https://www.stockvault.net/data/2018/08/28/254046/preview16.jpg', 'false', 'Inbox', 'Maire Quiambao', 'mairequiambao@gmail.com', 'molly@books.com', 'Extra Emails', 'For Date Tests', '2022-02-14T10:30:12Z', '2022-12-04T15:26:52Z');
INSERT INTO mail (destination, opened, starred, avatar, displayavatar, mailbox, fromname, fromemail, toemail, subject, content, sent, received) VALUES ('molly@books.com-Inbox', 'false', 'false', 'https://www.stockvault.net/data/2018/08/28/254046/preview16.jpg', 'false', 'Inbox', 'Maire Quiambao', 'mairequiambao@gmail.com', 'molly@books.com', 'Extra Emails', 'For Date Tests', '2022-03-04T11:40:37Z', '2022-12-05T12:18:49Z');

INSERT INTO mail (destination, opened, starred, avatar, displayavatar, mailbox, fromname, fromemail, toemail, subject, content, sent, received) VALUES ('molly@books.com-Inbox', 'false', 'false', 'https://www.stockvault.net/data/2018/08/28/254046/preview16.jpg', 'false', 'Inbox', 'Maire Quiambao', 'mairequiambao@gmail.com', 'molly@books.com', 'Extra Emails', 'For Date Tests', '2022-06-08T12:55:45Z', '2022-12-06T18:43:27Z');
INSERT INTO mail (destination, opened, starred, avatar, displayavatar, mailbox, fromname, fromemail, toemail, subject, content, sent, received) VALUES ('molly@books.com-Inbox', 'false', 'false', 'https://www.stockvault.net/data/2018/08/28/254046/preview16.jpg', 'false', 'Inbox', 'Maire Quiambao', 'mairequiambao@gmail.com', 'molly@books.com', 'Extra Emails', 'For Date Tests', '2022-06-09T10:42:47Z', '2022-12-07T15:12:39Z');
INSERT INTO mail (destination, opened, starred, avatar, displayavatar, mailbox, fromname, fromemail, toemail, subject, content, sent, received) VALUES ('molly@books.com-Inbox', 'false', 'false', 'https://www.stockvault.net/data/2018/08/28/254046/preview16.jpg', 'false', 'Inbox', 'Maire Quiambao', 'mairequiambao@gmail.com', 'molly@books.com', 'Extra Emails', 'For Date Tests', '2022-02-14T10:30:12Z', '2022-12-08T15:26:52Z');
INSERT INTO mail (destination, opened, starred, avatar, displayavatar, mailbox, fromname, fromemail, toemail, subject, content, sent, received) VALUES ('molly@books.com-Inbox', 'false', 'false', 'https://www.stockvault.net/data/2018/08/28/254046/preview16.jpg', 'false', 'Inbox', 'Maire Quiambao', 'mairequiambao@gmail.com', 'molly@books.com', 'Extra Emails', 'For Date Tests', '2022-03-04T11:40:37Z', '2022-12-09T12:18:49Z');

INSERT INTO mail (destination, opened, starred, avatar, displayavatar, mailbox, fromname, fromemail, toemail, subject, content, sent, received) VALUES ('molly@books.com-Inbox', 'false', 'false', 'https://www.stockvault.net/data/2018/08/28/254046/preview16.jpg', 'false', 'Inbox', 'Maire Quiambao', 'mairequiambao@gmail.com', 'molly@books.com', 'Extra Emails', 'For Date Tests', '2022-06-08T12:55:45Z', '2022-12-10T18:43:27Z');
INSERT INTO mail (destination, opened, starred, avatar, displayavatar, mailbox, fromname, fromemail, toemail, subject, content, sent, received) VALUES ('molly@books.com-Inbox', 'false', 'false', 'https://www.stockvault.net/data/2018/08/28/254046/preview16.jpg', 'false', 'Inbox', 'Maire Quiambao', 'mairequiambao@gmail.com', 'molly@books.com', 'Extra Emails', 'For Date Tests', '2022-06-09T10:42:47Z', '2022-12-11T15:12:39Z');
INSERT INTO mail (destination, opened, starred, avatar, displayavatar, mailbox, fromname, fromemail, toemail, subject, content, sent, received) VALUES ('molly@books.com-Inbox', 'false', 'false', 'https://www.stockvault.net/data/2018/08/28/254046/preview16.jpg', 'false', 'Inbox', 'Maire Quiambao', 'mairequiambao@gmail.com', 'molly@books.com', 'Extra Emails', 'For Date Tests', '2022-02-14T10:30:12Z', '2022-12-12T15:26:52Z');
INSERT INTO mail (destination, opened, starred, avatar, displayavatar, mailbox, fromname, fromemail, toemail, subject, content, sent, received) VALUES ('molly@books.com-Inbox', 'false', 'false', 'https://www.stockvault.net/data/2018/08/28/254046/preview16.jpg', 'false', 'Inbox', 'Maire Quiambao', 'mairequiambao@gmail.com', 'molly@books.com', 'Extra Emails', 'For Date Tests', '2022-03-04T11:40:37Z', '2022-12-13T12:18:49Z');

INSERT INTO mail (destination, opened, starred, avatar, displayavatar, mailbox, fromname, fromemail, toemail, subject, content, sent, received) VALUES ('molly@books.com-Inbox', 'false', 'false', 'https://www.stockvault.net/data/2018/08/28/254046/preview16.jpg', 'false', 'Inbox', 'Maire Quiambao', 'mairequiambao@gmail.com', 'molly@books.com', 'Extra Emails', 'For Date Tests', '2022-06-08T12:55:45Z', '2022-12-14T18:43:27Z');
INSERT INTO mail (destination, opened, starred, avatar, displayavatar, mailbox, fromname, fromemail, toemail, subject, content, sent, received) VALUES ('molly@books.com-Inbox', 'false', 'false', 'https://www.stockvault.net/data/2018/08/28/254046/preview16.jpg', 'false', 'Inbox', 'Maire Quiambao', 'mairequiambao@gmail.com', 'molly@books.com', 'Extra Emails', 'For Date Tests', '2022-06-09T10:42:47Z', '2022-12-15T15:12:39Z');
INSERT INTO mail (destination, opened, starred, avatar, displayavatar, mailbox, fromname, fromemail, toemail, subject, content, sent, received) VALUES ('molly@books.com-Inbox', 'false', 'false', 'https://www.stockvault.net/data/2018/08/28/254046/preview16.jpg', 'false', 'Inbox', 'Maire Quiambao', 'mairequiambao@gmail.com', 'molly@books.com', 'Extra Emails', 'For Date Tests', '2022-02-14T10:30:12Z', '2022-12-16T15:26:52Z');
INSERT INTO mail (destination, opened, starred, avatar, displayavatar, mailbox, fromname, fromemail, toemail, subject, content, sent, received) VALUES ('molly@books.com-Inbox', 'false', 'false', 'https://www.stockvault.net/data/2018/08/28/254046/preview16.jpg', 'false', 'Inbox', 'Maire Quiambao', 'mairequiambao@gmail.com', 'molly@books.com', 'Extra Emails', 'For Date Tests', '2022-03-04T11:40:37Z', '2022-12-17T12:18:49Z');

INSERT INTO mail (destination, opened, starred, avatar, displayavatar, mailbox, fromname, fromemail, toemail, subject, content, sent, received) VALUES ('molly@books.com-Inbox', 'false', 'false', 'https://www.stockvault.net/data/2018/08/28/254046/preview16.jpg', 'false', 'Inbox', 'Maire Quiambao', 'mairequiambao@gmail.com', 'molly@books.com', 'Extra Emails', 'For Date Tests', '2022-06-08T12:55:45Z', '2022-12-18T18:43:27Z');
INSERT INTO mail (destination, opened, starred, avatar, displayavatar, mailbox, fromname, fromemail, toemail, subject, content, sent, received) VALUES ('molly@books.com-Inbox', 'false', 'false', 'https://www.stockvault.net/data/2018/08/28/254046/preview16.jpg', 'false', 'Inbox', 'Maire Quiambao', 'mairequiambao@gmail.com', 'molly@books.com', 'Extra Emails', 'For Date Tests', '2022-06-09T10:42:47Z', '2022-12-19T15:12:39Z');
INSERT INTO mail (destination, opened, starred, avatar, displayavatar, mailbox, fromname, fromemail, toemail, subject, content, sent, received) VALUES ('molly@books.com-Inbox', 'false', 'false', 'https://www.stockvault.net/data/2018/08/28/254046/preview16.jpg', 'false', 'Inbox', 'Maire Quiambao', 'mairequiambao@gmail.com', 'molly@books.com', 'Extra Emails', 'For Date Tests', '2022-02-14T10:30:12Z', '2022-12-20T15:26:52Z');
INSERT INTO mail (destination, opened, starred, avatar, displayavatar, mailbox, fromname, fromemail, toemail, subject, content, sent, received) VALUES ('molly@books.com-Inbox', 'false', 'false', 'https://www.stockvault.net/data/2018/08/28/254046/preview16.jpg', 'false', 'Inbox', 'Maire Quiambao', 'mairequiambao@gmail.com', 'molly@books.com', 'Extra Emails', 'For Date Tests', '2022-03-04T11:40:37Z', '2022-12-21T12:18:49Z');

INSERT INTO mail (destination, opened, starred, avatar, displayavatar, mailbox, fromname, fromemail, toemail, subject, content, sent, received) VALUES ('molly@books.com-Inbox', 'false', 'false', 'https://www.stockvault.net/data/2018/08/28/254046/preview16.jpg', 'false', 'Inbox', 'Maire Quiambao', 'mairequiambao@gmail.com', 'molly@books.com', 'Extra Emails', 'For Date Tests', '2022-06-08T12:55:45Z', '2022-12-22T18:43:27Z');
INSERT INTO mail (destination, opened, starred, avatar, displayavatar, mailbox, fromname, fromemail, toemail, subject, content, sent, received) VALUES ('molly@books.com-Inbox', 'false', 'false', 'https://www.stockvault.net/data/2018/08/28/254046/preview16.jpg', 'false', 'Inbox', 'Maire Quiambao', 'mairequiambao@gmail.com', 'molly@books.com', 'Extra Emails', 'For Date Tests', '2022-06-09T10:42:47Z', '2022-12-23T15:12:39Z');
INSERT INTO mail (destination, opened, starred, avatar, displayavatar, mailbox, fromname, fromemail, toemail, subject, content, sent, received) VALUES ('molly@books.com-Inbox', 'false', 'false', 'https://www.stockvault.net/data/2018/08/28/254046/preview16.jpg', 'false', 'Inbox', 'Maire Quiambao', 'mairequiambao@gmail.com', 'molly@books.com', 'Extra Emails', 'For Date Tests', '2022-02-14T10:30:12Z', '2022-12-24T15:26:52Z');
INSERT INTO mail (destination, opened, starred, avatar, displayavatar, mailbox, fromname, fromemail, toemail, subject, content, sent, received) VALUES ('molly@books.com-Inbox', 'false', 'false', 'https://www.stockvault.net/data/2018/08/28/254046/preview16.jpg', 'false', 'Inbox', 'Maire Quiambao', 'mairequiambao@gmail.com', 'molly@books.com', 'Extra Emails', 'For Date Tests', '2022-03-04T11:40:37Z', '2022-12-25T12:18:49Z');

INSERT INTO mail (destination, opened, starred, avatar, displayavatar, mailbox, fromname, fromemail, toemail, subject, content, sent, received) VALUES ('molly@books.com-Inbox', 'false', 'false', 'https://www.stockvault.net/data/2018/08/28/254046/preview16.jpg', 'false', 'Inbox', 'Maire Quiambao', 'mairequiambao@gmail.com', 'molly@books.com', 'Extra Emails', 'For Date Tests', '2022-06-08T12:55:45Z', '2022-12-26T18:43:27Z');
INSERT INTO mail (destination, opened, starred, avatar, displayavatar, mailbox, fromname, fromemail, toemail, subject, content, sent, received) VALUES ('molly@books.com-Inbox', 'false', 'false', 'https://www.stockvault.net/data/2018/08/28/254046/preview16.jpg', 'false', 'Inbox', 'Maire Quiambao', 'mairequiambao@gmail.com', 'molly@books.com', 'Extra Emails', 'For Date Tests', '2022-06-09T10:42:47Z', '2022-12-27T15:12:39Z');
INSERT INTO mail (destination, opened, starred, avatar, displayavatar, mailbox, fromname, fromemail, toemail, subject, content, sent, received) VALUES ('molly@books.com-Inbox', 'false', 'false', 'https://www.stockvault.net/data/2018/08/28/254046/preview16.jpg', 'false', 'Inbox', 'Maire Quiambao', 'mairequiambao@gmail.com', 'molly@books.com', 'Extra Emails', 'For Date Tests', '2022-02-14T10:30:12Z', '2022-12-28T15:26:52Z');
INSERT INTO mail (destination, opened, starred, avatar, displayavatar, mailbox, fromname, fromemail, toemail, subject, content, sent, received) VALUES ('molly@books.com-Inbox', 'false', 'false', 'https://www.stockvault.net/data/2018/08/28/254046/preview16.jpg', 'false', 'Inbox', 'Maire Quiambao', 'mairequiambao@gmail.com', 'molly@books.com', 'Extra Emails', 'For Date Tests', '2022-03-04T11:40:37Z', '2022-12-29T12:18:49Z');



INSERT INTO mail (destination, opened, starred, avatar, displayavatar, mailbox, fromname, fromemail, toemail, subject, content, sent, received) VALUES ('molly@books.com-Sent', 'true', 'false', 'https://www.stockvault.net/data/2018/08/28/254042/preview16.jpg', 'true', 'Sent', 'Arman Jordan', 'armanjordan@gmail.com', 'molly@books.com', 'I am', 'Running out of things to say', '2021-11-18T16:35:15Z', '2021-12-18T14:42:57Z');
INSERT INTO mail (destination, opened, starred, avatar, displayavatar, mailbox, fromname, fromemail, toemail, subject, content, sent, received) VALUES ('molly@books.com-Sent', 'false', 'false', 'https://www.stockvault.net/data/2018/08/28/254042/preview16.jpg', 'true', 'Sent', 'Arman Jordan', 'armanjordan@gmail.com', 'molly@books.com', 'Hahaaa', 'Just kidding', '2020-07-01T10:12:37Z', '2020-08-17T17:12:37Z');
INSERT INTO mail (destination, opened, starred, avatar, displayavatar, mailbox, fromname, fromemail, toemail, subject, content, sent, received) VALUES ('molly@books.com-Sent', 'false', 'true', 'https://www.stockvault.net/data/2018/08/28/254046/preview16.jpg', 'false', 'Sent', 'Maire Quiambao', 'mairequiambao@gmail.com', 'molly@books.com', 'I miss you', 'All the time', '2019-02-15T11:32:12Z', '2022-11-22T14:36:27Z');
INSERT INTO mail (destination, opened, starred, avatar, displayavatar, mailbox, fromname, fromemail, toemail, subject, content, sent, received) VALUES ('molly@books.com-Sent', 'false', 'true', 'https://www.stockvault.net/data/2018/08/28/254047/preview16.jpg', 'true', 'Sent', 'Anna Admin', 'anna@books.com', 'molly@books.com', 'From member', 'To admin', '2021-04-05T11:45:35Z', '2021-06-12T12:15:55Z');

INSERT INTO mail (destination, opened, starred, avatar, displayavatar, mailbox, fromname, fromemail, toemail, subject, content, sent, received) VALUES ('molly@books.com-Trash', 'true', 'false', 'https://www.stockvault.net/data/2018/08/28/254042/preview16.jpg', 'true', 'Trash', 'Arman Jordan', 'armanjordan@gmail.com', 'molly@books.com', 'I forgot', 'I have to write 12 more of these', '2022-11-19T16:35:15Z', '2022-11-20T14:42:57Z');
INSERT INTO mail (destination, opened, starred, avatar, displayavatar, mailbox, fromname, fromemail, toemail, subject, content, sent, received) VALUES ('molly@books.com-Trash', 'false', 'false', 'https://www.stockvault.net/data/2018/08/28/254042/preview16.jpg', 'true', 'Trash', 'Arman Jordan', 'armanjordan@gmail.com', 'molly@books.com', 'I wonder when', 'Ill run out of things to say', '2021-06-06T10:12:37Z', '2021-08-17T17:12:37Z');
INSERT INTO mail (destination, opened, starred, avatar, displayavatar, mailbox, fromname, fromemail, toemail, subject, content, sent, received) VALUES ('molly@books.com-Trash', 'false', 'true', 'https://www.stockvault.net/data/2018/08/28/254046/preview16.jpg', 'false', 'Trash', 'Maire Quiambao', 'mairequiambao@gmail.com', 'molly@books.com', 'Call me', 'Please', '2019-02-16T11:36:16Z', '2022-11-22T14:36:27Z');
INSERT INTO mail (destination, opened, starred, avatar, displayavatar, mailbox, fromname, fromemail, toemail, subject, content, sent, received) VALUES ('molly@books.com-Trash', 'true', 'true', 'https://www.stockvault.net/data/2018/08/28/254047/preview16.jpg', 'true', 'Trash', 'Anna Admin', 'anna@books.com', 'molly@books.com', 'From member', 'To admin', '2021-04-15T11:45:35Z', '2021-06-16T12:15:55Z');


INSERT INTO mail (destination, opened, starred, avatar, displayavatar, mailbox, fromname, fromemail, toemail, subject, content, sent, received) VALUES ('anna@books.com-Inbox', 'true', 'false', 'https://www.stockvault.net/data/2018/08/28/254042/preview16.jpg', 'true', 'Inbox', 'Arman Jordan', 'armanjordan@gmail.com', 'anna@books.com', 'My email to Anna', 'Blah blah content', '2020-06-08T12:55:45Z', '2020-06-18T08:43:27Z');
INSERT INTO mail (destination, opened, starred, avatar, displayavatar, mailbox, fromname, fromemail, toemail, subject, content, sent, received) VALUES ('anna@books.com-Inbox', 'false', 'false', 'https://www.stockvault.net/data/2018/08/28/254042/preview16.jpg', 'true', 'Inbox', 'Arman Jordan', 'armanjordan@gmail.com', 'anna@books.com', 'My second email to Anna', 'Not for Molly', '2020-06-09T10:42:47Z', '2020-06-19T15:12:39Z');
INSERT INTO mail (destination, opened, starred, avatar, displayavatar, mailbox, fromname, fromemail, toemail, subject, content, sent, received) VALUES ('anna@books.com-Inbox', 'false', 'true', 'https://www.stockvault.net/data/2018/08/28/254046/preview16.jpg', 'false', 'Inbox', 'Maire Quiambao', 'mairequiambao@gmail.com', 'anna@books.com', 'Hello Anna', 'Goodbye Anna', '2019-02-14T10:30:12Z', '2022-11-28T15:26:52Z');
INSERT INTO mail (destination, opened, starred, avatar, displayavatar, mailbox, fromname, fromemail, toemail, subject, content, sent, received) VALUES ('anna@books.com-Inbox', 'true', 'true', 'https://www.stockvault.net/data/2018/08/28/254047/preview16.jpg', 'true', 'Inbox', 'Molly Member', 'molly@books.com', 'anna@books.com', 'From member', 'To admin', '2021-03-04T11:40:37Z', '2021-06-14T12:18:49Z');

INSERT INTO mail (destination, opened, starred, avatar, displayavatar, mailbox, fromname, fromemail, toemail, subject, content, sent, received) VALUES ('anna@books.com-Sent', 'true', 'false', 'https://www.stockvault.net/data/2018/08/28/254042/preview16.jpg', 'true', 'Sent', 'Arman Jordan', 'armanjordan@gmail.com', 'anna@books.com', 'I am', 'Running out of things to say', '2021-11-18T16:35:15Z', '2021-12-18T14:42:57Z');
INSERT INTO mail (destination, opened, starred, avatar, displayavatar, mailbox, fromname, fromemail, toemail, subject, content, sent, received) VALUES ('anna@books.com-Sent', 'false', 'false', 'https://www.stockvault.net/data/2018/08/28/254042/preview16.jpg', 'true', 'Sent', 'Arman Jordan', 'armanjordan@gmail.com', 'anna@books.com', 'Hahaaa', 'Just kidding', '2020-07-01T10:12:37Z', '2020-08-17T17:12:37Z');
INSERT INTO mail (destination, opened, starred, avatar, displayavatar, mailbox, fromname, fromemail, toemail, subject, content, sent, received) VALUES ('anna@books.com-Sent', 'false', 'true', 'https://www.stockvault.net/data/2018/08/28/254046/preview16.jpg', 'false', 'Sent', 'Maire Quiambao', 'mairequiambao@gmail.com', 'anna@books.com', 'I miss you', 'All the time', '2019-02-15T11:32:12Z', '2022-11-22T14:36:27Z');
INSERT INTO mail (destination, opened, starred, avatar, displayavatar, mailbox, fromname, fromemail, toemail, subject, content, sent, received) VALUES ('anna@books.com-Sent', 'false', 'true', 'https://www.stockvault.net/data/2018/08/28/254047/preview16.jpg', 'true', 'Sent', 'Molly Member', 'molly@books.com', 'anna@books.com', 'From member', 'To admin', '2021-04-05T11:45:35Z', '2021-06-12T12:15:55Z');

INSERT INTO mail (destination, opened, starred, avatar, displayavatar, mailbox, fromname, fromemail, toemail, subject, content, sent, received) VALUES ('anna@books.com-Trash', 'true', 'false', 'https://www.stockvault.net/data/2018/08/28/254042/preview16.jpg', 'true', 'Trash', 'Arman Jordan', 'armanjordan@gmail.com', 'anna@books.com', 'I forgot', 'I have to write 12 more of these', '2022-11-19T16:35:15Z', '2022-11-20T14:42:57Z');
INSERT INTO mail (destination, opened, starred, avatar, displayavatar, mailbox, fromname, fromemail, toemail, subject, content, sent, received) VALUES ('anna@books.com-Trash', 'false', 'false', 'https://www.stockvault.net/data/2018/08/28/254042/preview16.jpg', 'true', 'Trash', 'Arman Jordan', 'armanjordan@gmail.com', 'anna@books.com', 'I wonder when', 'Ill run out of things to say', '2021-06-06T10:12:37Z', '2021-08-17T17:12:37Z');
INSERT INTO mail (destination, opened, starred, avatar, displayavatar, mailbox, fromname, fromemail, toemail, subject, content, sent, received) VALUES ('anna@books.com-Trash', 'false', 'true', 'https://www.stockvault.net/data/2018/08/28/254046/preview16.jpg', 'false', 'Trash', 'Maire Quiambao', 'mairequiambao@gmail.com', 'anna@books.com', 'Call me', 'Please', '2019-02-16T11:36:16Z', '2022-11-22T14:36:27Z');
INSERT INTO mail (destination, opened, starred, avatar, displayavatar, mailbox, fromname, fromemail, toemail, subject, content, sent, received) VALUES ('anna@books.com-Trash', 'true', 'true', 'https://www.stockvault.net/data/2018/08/28/254047/preview16.jpg', 'true', 'Trash', 'Molly Member', 'molly@books.com', 'anna@books.com', 'From member', 'To admin', '2021-04-15T11:45:35Z', '2021-06-16T12:15:55Z');
